amfi_code,tracking_error
119599,0.280273404219026
120843,0.20514776699717424
120842,0.2203571856061386
101207,0.2916999439531875
119598,0.27803293056948225
